{
  "project_info": {
    "project_number": "1059034500205",
    "firebase_url": "https://fbapp-b8de3.firebaseio.com",
    "project_id": "fbapp-b8de3",
    "storage_bucket": "fbapp-b8de3.appspot.com"
  },
  "client": [
    {
      "client_info": {
        "mobilesdk_app_id": "1:1059034500205:android:c3686ca56b445f23",
        "android_client_info": {
          "package_name": "edu.monash.fit2081.fbappw8"
        }
      },
      "oauth_client": [
        {
          "client_id": "1059034500205-e40tdfkje3nt3s7fgdqg1akd7a8s33dq.apps.googleusercontent.com",
          "client_type": 1,
          "android_info": {
            "package_name": "edu.monash.fit2081.fbappw8",
            "certificate_hash": "8c1158df01c8c2f32389d219f7313872b8a4d493"
          }
        },
        {
          "client_id": "1059034500205-95b7raste59aqvciu7nm08cqm0oanb92.apps.googleusercontent.com",
          "client_type": 3
        }
      ],
      "api_key": [
        {
          "current_key": "AIzaSyA85R35gdQ_WTDPSyj4NfKVFdnn6htWIm4"
        }
      ],
      "services": {
        "appinvite_service": {
          "other_platform_oauth_client": [
            {
              "client_id": "1059034500205-95b7raste59aqvciu7nm08cqm0oanb92.apps.googleusercontent.com",
              "client_type": 3
            }
          ]
        }
      }
    }
  ],
  "configuration_version": "1"
}