{
  "project_info": {
    "project_number": "659052075294",
    "firebase_url": "https://statusapp-student-b4068.firebaseio.com",
    "project_id": "statusapp-student-b4068",
    "storage_bucket": "statusapp-student-b4068.appspot.com"
  },
  "client": [
    {
      "client_info": {
        "mobilesdk_app_id": "1:659052075294:android:b4d0d04bcb283fa9",
        "android_client_info": {
          "package_name": "edu.monash.fit2081.statusapp"
        }
      },
      "oauth_client": [
        {
          "client_id": "659052075294-8bk0jpitba309p0hpmgphtf0c7dqsr77.apps.googleusercontent.com",
          "client_type": 1,
          "android_info": {
            "package_name": "edu.monash.fit2081.statusapp",
            "certificate_hash": "8c1158df01c8c2f32389d219f7313872b8a4d493"
          }
        },
        {
          "client_id": "659052075294-uh14blqjeacokuqgiabok2ge4r114kb7.apps.googleusercontent.com",
          "client_type": 3
        }
      ],
      "api_key": [
        {
          "current_key": "AIzaSyBHRZIeWruHL5MJLj3nHQ8kjmzOd1PqHTo"
        }
      ],
      "services": {
        "appinvite_service": {
          "other_platform_oauth_client": [
            {
              "client_id": "659052075294-uh14blqjeacokuqgiabok2ge4r114kb7.apps.googleusercontent.com",
              "client_type": 3
            }
          ]
        }
      }
    }
  ],
  "configuration_version": "1"
}